<datausage>
    <customer id="CUS1101313">
        <limit>2GB</limit>
        <usage>
            <date>25-Mar-2016</date>
            <pulse>15MB</pulse>
        </usage>	
        <usage>
            <date>26-Mar-2016</date>
            <pulse>100MB</pulse>
        </usage>
        <usage>
            <date>28-Mar-2016</date>
            <pulse>112MB</pulse>
        </usage>
        <usage>
            <date>29-Mar-2016</date>
            <pulse>150MB</pulse>
        </usage>
        <usage>
            <date>31-Mar-2016</date>
            <pulse>8MB</pulse>
        </usage>
        <usage>
            <date>02-Apr-2016</date>
            <pulse>56MB</pulse>
        </usage>
    </customer>
    <customer id="CUS1101314">
        <limit>1GB</limit>
        <usage>
            <date>25-Mar-2016</date>
            <pulse>50MB</pulse>
        </usage>	
        <usage>
            <date>26-Mar-2016</date>
            <pulse>10MB</pulse>
        </usage>
        <usage>
            <date>28-Mar-2016</date>
            <pulse>2MB</pulse>
        </usage>
        <usage>
            <date>29-Mar-2016</date>
            <pulse>15MB</pulse>
        </usage>
        <usage>
            <date>31-Mar-2016</date>
            <pulse>79MB</pulse>
        </usage>
        <usage>
            <date>02-Apr-2016</date>
            <pulse>6MB</pulse>
        </usage>
    </customer>
</datausage>