<?xml version="1.0" encoding="utf-8"?>
<databaseChangeLog xmlns="http://www.liquibase.org/xml/ns/dbchangelog/1.9"
                   xmlns:xsi="http://www.w3.org/2001/XMLSchema-instance"
                   xsi:schemaLocation="http://www.liquibase.org/xml/ns/dbchangelog/1.9 http://www.liquibase.org/xml/ns/dbchangelog/dbchangelog-1.9.xsd">
<!--
  <changeSet author="aninevskiy" id="1">
		<preConditions onFail="MARK_RAN">
			<sqlCheck expectedResult="0">
				select count(0) from user_tables t where t.table_name = 'TESTAUTO'
			</sqlCheck>
		</preConditions>
        <comment>Create table TestAuto</comment>
		<sql>
			create table TestAuto
			(
				ID                    NUMBER(19) not null constraint TestAuto$PK primary key,
				AMOUNT                NUMBER(19,2),
				NAME               		VARCHAR2(255)			
			);

			
		</sql>
    </changeSet> 
-->	
	<changeSet author="suraj" id="2">
		<comment>Add columns to TestAuto table</comment>
		<addColumn tableName="ChMortgagee">
			<column name="tdate" type="java.sql.Types.DATE"/>	
			<column name="tamount" type="NUMBER(19,2)"/>	
			<column name="tpaymentMode" type="java.sql.Types.VARCHAR(50)"/>			
		</addColumn>
	</changeSet>
	
	<changeSet author="suraj" id="3">
		<insert tableName="LookupList">
			<column name="defClass" value="com.exigen.ipb.base.lookups.CodeValueLookup" />
			<column name="lookupName" value="TestPaymentMode" />
		</insert>
	</changeSet>
	
	
	<changeSet author="suraj" id="4">
        <comment>TestPaymentMode Lookup</comment>     
		<sql>ALTER TABLE LookupValue ${constraint.disable.keyword} CONSTRAINT FK_LookupValueLookupListID;</sql>
        <sql>DELETE FROM LookupValue WHERE LOOKUPLIST_ID=(SELECT id FROM LookupList WHERE lookupName='TestPaymentMode');</sql>
        <loadData tableName="LookupValue" file="csv/TestPaymentMode_Lookup.data.csv"/>
        <sql>UPDATE LookupValue SET LOOKUPLIST_ID=(SELECT id FROM LookupList WHERE lookupName='TestPaymentMode') WHERE LOOKUPLIST_ID IS NULL;</sql>  
		<sql>ALTER TABLE LookupValue ${constraint.enable.keyword} CONSTRAINT FK_LookupValueLookupListID;</sql>
	</changeSet>
</databaseChangeLog>