<root>
	<datausage>
		<customerid>CUS1101313</customerid>
		<tonumber>9131456789</tonumber>
		<duration>00:05:10</duration>
		<amount>30</amount>
	</datausage>
	<datausage>
		<customerid>CUS2101113</customerid>
		<tonumber>9023357789</tonumber>
		<duration>00:15:10</duration>
		<amount>50</amount>
	</datausage>
	<datausage>
		<customerid>CUS3101101</customerid>
		<tonumber>9882345789</tonumber>
		<duration>02:13:10</duration>
		<amount>150</amount>
	</datausage>
	<datausage>
		<customerid>CUS4101563</customerid>
		<tonumber>9123456709</tonumber>
		<duration>02:05:12</duration>
		<amount>110</amount>
	</datausage>
	<datausage>
		<customerid>CUS5187313</customerid>
		<tonumber>9341356789</tonumber>
		<duration>00:35:10</duration>
		<amount>90</amount>
	</datausage>
</root>